SL NO.,NAME,Desg,EMP ID
1,Boby Krishnan M,Ex.Ser,TCSEK 9000
2,Dayanand Kumar Mahto,Ex.Ser,TCSEK 9002
3,K D Albert,Ex.Ser,TCSEK 9007
4,Sankarankutty C,Ex.Ser,TCSEK 9015
5,Dinesh Kumar Paswan,SS,TCSEK 9003
6,Hemant Kumar Singh,SS,TCSEK 9004
7,Hemoo Kumar,SS,TCSEK 9005
8,Jitendra Kumar,SS,TCSEK 9006
9,Lipun Bhukta,SS,TCSEK 9008
10,Manoj Kumar Paswan,SS,TCSEK 9009
11,Manoj Kumar Ram,SS,TCSEK 9010
12,Nitish Kumar,SS,TCSEK 9011
13,Pilendra Mishram,SS,TCSEK 9012
14,Ranjan Kumar Singh,SS,TCSEK 9013
15,Rohit Mandal,SS,TCSEK 9014
16,Santhosh Kumar,SS,TCSEK 9017
17,Santhosh Kumar S,SS,TCSEK 9018
18,Subham Kumar Tiwari,SS,TCSEK 9019
19,Sikesh Kumar,SS,TCSEK 9020
20,Suman Kumar,SS,TCSEK 9021
21,Sushant Kumar,SS,TCSEK 9022
22,Vishnumohan,SS,TCSEK 9023
23,Amresh Pradhan,SS,TCSEK 9024
24,Parmanand Mahto,SS,TCSEK 9025
25,Manoj Yadav,SS,TCSEK 9027
26,Christi Cardoz M,SG,TCSEK 9001
27,Amardeep Kumar,SG,TCSEK 9142
28,Bhagaban Gouda,SG,TCSEK 9154
29,Binod Mandal,SG,TCSEK 9159
30,Bipin Kumar Kamti,SG,TCSEK 9161
31,Dilip Kumar Kamti,SG,TCSEK 9177
32,Md Arif,SG,TCSEK 9213
33,Pradeep Ram,SG,TCSEK 9232
34,Rajesh Gouda,SG,TCSEK 9246
35,Rohit Kumar,SG,TCSEK 9255
36,Rupesh Kumar Ram,SG,TCSEK 9256
37,Sachin Gandhi,SG,TCSEK 9257
38,Sachin Kumar,SG,TCSEK 9258
39,Sanatan Bagh,SG,TCSEK 9259
40,Sanni Kumar,SG,TCSEK 9260
41,Sanjay Kumar,SG,TCSEK 9261
42,Sanjay Malto,SG,TCSEK 9262
43,Sanjeev Kumar,SG,TCSEK 9263
44,Sanjeet Kumar,SG,TCSEK 9264
45,Sanjeet Kumar Sah,SG,TCSEK 9265
46,Santhosh Kumar,SG,TCSEK 9266
47,Saurabh Kumar,SG,TCSEK 9268
48,Shatrudhan Kumar,SG,TCSEK 9269
49,Shivnandan Paswan,SG,TCSEK 9270
50,Shivkesh,SG,TCSEK 9271
51,Sintu Kumar Mandal,SG,TCSEK 9272
52,Shiv Kumar,SG,TCSEK 9273
53,Sonu Kumar Mandal,SG,TCSEK 9274
54,Sonu Kumar Yadav,SG,TCSEK 9275
55,Shriman Narayan Panday,SG,TCSEK 9276
56,Sudipta Garnayak,SG,TCSEK 9278
57,Suman Kumar Sharma,SG,TCSEK 9280
58,Sumit Raj,SG,TCSEK 9281
59,Shyam Yadav,SG,TCSEK 9283
60,Uday Kumar,SG,TCSEK 9284
61,Umesh Kumar,SG,TCSEK 9285
62,Vijay Kumar Tanti,SG,TCSEK 9286
63,Vijay Prasad,SG,TCSEK 9287
64,Vikash Kumar,SG,TCSEK 9288
65,Vinod Kumar,SG,TCSEK 9289
66,Vishal Kumar,SG,TCSEK 9290
67,Yash kumar,SG,TCSEK 9291
68,Vikash Kumar Jha,SG,TCSEK 9292
69,Abdhesh Kumar Yadav,SG,TCSEK 9138
70,Abnit Kumar,SG,TCSEK 9139
71,Ajay Kumar,SG,TCSEK 9140
72,Aman Kumar,SG,TCSEK 9141
73,Arvind Mahto,SG,TCSEK 9143
74,Asish Kumar Sah,SG,TCSEK 9144
75,Ashiwani Chaurasiya,SG,TCSEK 9147
76,Badal Kumar,SG,TCSEK 9150
77,Bajrangi Kumar,SG,TCSEK 9151
78,Baldev Kumar,SG,TCSEK 9152
79,Bhagavat Takur,SG,TCSEK 9153
80,Bhishmaraj Kumar,SG,TCSEK 9155
81,Bibash Kumar,SG,TCSEK 9156
82,Biki Das,SG,TCSEK 9158
83,Bipin Kumar Chaoudhary,SG,TCSEK 9160
84,Birbahadur Ram,SG,TCSEK 9162
85,Bittu Raja,SG,TCSEK 9164
86,Brajesh Kumar,SG,TCSEK 9165
87,Chandan Kumar,SG,TCSEK 9166
88,Chottu Kumar,SG,TCSEK 9167
89,Deepak Kumar,SG,TCSEK 9168
90,Deepak Kabi,SG,TCSEK 9169
91,Dhananjay Yadav,SG,TCSEK 9171
92,Dhananjay Kumar Singh,SG,TCSEK 9172
93,Dharmendra Kumar,SG,TCSEK 9173
94,Dharmendra Paswan,SG,TCSEK 9174
95,Dharmendra Singh,SG,TCSEK 9175
96,Dileep Hansda,SG,TCSEK 9176
97,Dilip Kumar Mahaldar,SG,TCSEK 9178
98,Dinesh Kumar,SG,TCSEK 9179
99,Dinesh Prasad,SG,TCSEK 9180
100,Divyaraj Mahato,SG,TCSEK 9181
101,Fantush Kumar,SG,TCSEK 9182
102,Fulchand Yadav,SG,TCSEK 9183
103,Gourav Paswan,SG,TCSEK 9184
104,Gautam Kumar,SG,TCSEK 9185
105,Guddu Kumar,SG,TCSEK 9186
106,Gurunanak Paswan,SG,TCSEK 9188
107,Harhar Kumar,SG,TCSEK 9189
108,Hariom Kumar,SG,TCSEK 9190
109,Hema Kumari,SG,TCSEK 9191
110,Hemraj Kumar,SG,TCSEK 9192
111,Indrajeet Kumar,SG,TCSEK 9193
112,Jeetendra Kumar,SG,TCSEK 9194
113,Jyothish Kumar Rajak,SG,TCSEK 9195
114,Jyoti Kumar,SG,TCSEK 9196
115,Jyotinder Rajak,SG,TCSEK 9197
116,Kamalesh Kumar,SG,TCSEK 9198
117,Kapildev Thakur,SG,TCSEK 9199
118,Kittu Kumar,SG,TCSEK 9201
119,Krishna Kumar,SG,TCSEK 9202
120,Krishnakumar Yadav,SG,TCSEK 9204
121,Kundan Kumar,SG,TCSEK 9205
122,Linus Sorang,SG,TCSEK 9206
123,Madan Mahaldhar,SG,TCSEK 9207
124,Manish Kumar,SG,TCSEK 9208
125,Manohar Kumar,SG,TCSEK 9209
126,Manoj Kumar Behera,SG,TCSEK 9210
127,Manoj Kumar,SG,TCSEK 9211
128,Mintu Kumar,SG,TCSEK 9214
129,Mithilesh Kumar,SG,TCSEK 9215
130,Mukesh Baitha,SG,TCSEK 9217
131,Munna Kumar,SG,TCSEK 9218
132,Murari Thakur,SG,TCSEK 9219
133,Narayan Jee,SG,TCSEK 9220
134,Nikhil,SG,TCSEK 9221
135,Niranjan Bag,SG,TCSEK 9223
136,Niranjan Kindo,SG,TCSEK 9224
137,Nitesh Kumar Paswan,SG,TCSEK 9225
138,Omprakash Yadav,SG,TCSEK 9226
139,Pandav Paswan,SG,TCSEK 9227
140,Pankaj Kumar Singh,SG,TCSEK 9228
141,Pankaj Kumar,SG,TCSEK 9229
142,Pappu Kumar Singh,SG,TCSEK 9230
143,Parakhita Majhi,SG,TCSEK 9231
144,Pinku Kumar Yadav,SG,TCSEK 9233
145,Pintu Kumar Mandal,SG,TCSEK 9234
146,Praduman Mandal,SG,TCSEK 9235
147,Premlal Mandal,SG,TCSEK 9236
148,Pramod Kumar,SG,TCSEK 9237
149,Praveen Dungdung,SG,TCSEK 9238
150,Prem Jee,SG,TCSEK 9239
151,Phulchand Yadav,SG,TCSEK 9241
152,Rajan Kumar,SG,TCSEK 9242
153,Rajen Soreng,SG,TCSEK 9243
154,Rajiv Kumar,SG,TCSEK 9244
155,Rajeev Kumar,SG,TCSEK 9245
156,Raju Kumar,SG,TCSEK 9247
157,Ramu Xalxo,SG,TCSEK 9248
158,Rithik Roshan,SG,TCSEK 9254
159,Adarsh Andavan,SG,TCSEK 9028
160,Akash Ashokan,SG,TCSEK 9030
161,Alan K Vinoj,SG,TCSEK 9031
162,A M Antony,SG,TCSEK 9032
163,Amal Raj T R,SG,TCSEK 9033
164,Ananthu V A,SG,TCSEK 9035
165,Arjun O S,SG,TCSEK 9038
166,Arjunan S,SG,TCSEK 9039
167,Arun Sasi,SG,TCSEK 9040
168,Arun Thambi,SG,TCSEK 9041
169,Aswin Joseph,SG,TCSEK 9044
170,Bibil Raj,SG,TCSEK 9049
171,Hari Kumar G,SG,TCSEK 9056
172,Jabir B D M,SG,TCSEK 9058
173,Jefrin Dcruz,SG,TCSEK 9059
174,Jomon V John,SG,TCSEK 9062
175,Joy K V,SG,TCSEK 9063
176,Joyal Francis T J,SG,TCSEK 9064
177,Lijesh Mon V T,SG,TCSEK 9065
178,Mohammed Shafi P,SG,TCSEK 9071
179,Muhammed Azlam T S,SG,TCSEK 9073
180,Nidhin Raj,SG,TCSEK 9077
182,Nijith P V,SG,TCSEK 9078
181,Prem sujith P V,SG,TCSEK 9084
183,Rahul T R,SG,TCSEK 9090
184,Sangeeth K T,SG,TCSEK 9104
185,Shaiju M G,SG,TCSEK 9108
186,Shajahan H,SG,TCSEK 9110
187,Shanavas P A,SG,TCSEK 9112
188,Shervin George K P,SG,TCSEK 9117
189,Sreenivasan K R,SG,TCSEK 9123
190,Subin N,SG,TCSEK 9125
191,Sujith N S,SG,TCSEK 9128
192,Sunumon Surendran,SG,TCSEK 9130
193,Tinoskar P S,SG,TCSEK 9131
194,Vimeesh C R,SG,TCSEK 9132
195,Visakhan P V,SG,TCSEK 9134
196,Vishakh V S,SG,TCSEK 9135
197,Vishnu T V,SG,TCSEK 9136
198,Sarita Kumari,LSG,TCSEK 9267
199,Swati Kumari,LSG,TCSEK 9282
200,Ashabai,LSG,TCSEK 9145
201,Ashrita Dodray,LSG,TCSEK 9146
202,Khushbu Dundung,LSG,TCSEK 9200
203,Margret Beck,LSG,TCSEK 9212
204,Nikki Kumari,LSG,TCSEK 9222
205,Priyanka Kumari,LSG,TCSEK 9240
206,Rina Devi,LSG,TCSEK 9250
207,Moni Gupta,LSG,TCSEK 9216
208,Adheena Shameem,LSG,TCSEK 9029
209,Ambily P V,LSG,TCSEK 9034
210,Angel Mary,LSG,TCSEK 9036
211,Anju A S,LSG,TCSEK 9037
212,Arya K S,LSG,TCSEK 9042
213,Aswathy M S,LSG,TCSEK 9043
214,Athira P Joshi,LSG,TCSEK 9045
215,Beena Mol P R,LSG,TCSEK 9047
216,Beena P K,LSG,TCSEK 9048
217,Bindu Gireesh,LSG,TCSEK 9050
218,Bindhu V S,LSG,TCSEK 9051
219,Della P V,LSG,TCSEK 9052
220,Deepa A,LSG,TCSEK 9053
221,Elsy A W,LSG,TCSEK 9054
222,Gayathri M R,LSG,TCSEK 9055
223,Indu M A,LSG,TCSEK 9057
224,Jisha Shanmughan,LSG,TCSEK 9060
225,Jisna Johnson,LSG,TCSEK 9061
226,Lini Boban,LSG,TCSEK 9066
227,Liya Devadas,LSG,TCSEK 9067
228,Manju M C,LSG,TCSEK 9068
229,Mariya Goretty,LSG,TCSEK 9069
230,Mary Jinitha,LSG,TCSEK 9070
231,Monica Jency,LSG,TCSEK 9072
232,Nayana K N,LSG,TCSEK 9074
233,Neenu K S,LSG,TCSEK 9075
234,Neethu T S,LSG,TCSEK 9076
235,Nishamole K A,LSG,TCSEK 9079
236,Nitha Binoy,LSG,TCSEK 9080
237,Prabha R,LSG,TCSEK 9081
238,Praseetha G Nair,LSG,TCSEK 9082
239,Preethy Vilson,LSG,TCSEK 9083
240,Priyamol R,LSG,TCSEK 9085
241,Pushpa Abhayan,LSG,TCSEK 9086
B12,Pushpa P X,LSG,TCSEK 9087
243,Pushpa V R,LSG,TCSEK 9088
244,Raji Gireesh,LSG,TCSEK 9091
245,Raji C R,LSG,TCSEK 9092
246,Rakhi V R,LSG,TCSEK 9093
247,Ranjini P M,LSG,TCSEK 9094
248,Reena K K,LSG,TCSEK 9095
249,Rekha M K,LSG,TCSEK 9096
250,Reshmi Rajan,LSG,TCSEK 9098
251,Reshmi Ravi,LSG,TCSEK 9099
252,Rithu Baby,LSG,TCSEK 9100
253,Salini A,LSG,TCSEK 9101
254,Salini C S,LSG,TCSEK 9102
255,Semeera,LSG,TCSEK 9103
256,Sarika Sivan,LSG,TCSEK 9106
257,Seema V S,LSG,TCSEK 9107
258,Shailaja Rajendran,LSG,TCSEK 9109
259,Shamila Hamsa,LSG,TCSEK 9111
260,Sharimol P C,LSG,TCSEK 9113
261,Sheeja Basheer,LSG,TCSEK 9114
262,Seethal Kunjan,LSG,TCSEK 9115
263,Shelton Wilfred,LSG,TCSEK 9116
264,Siji P A,LSG,TCSEK 9118
265,Sijo Jacob,LSG,TCSEK 9119
266,Simi C A,LSG,TCSEK 9120
267,Soya Pradeep,LSG,TCSEK 9121
268,Sreeja S,LSG,TCSEK 9122
269,Stephin Catherin C A,LSG,TCSEK 9124
270,Suja,LSG,TCSEK 9126
271,Sujatha P S,LSG,TCSEK 9127
272,Sukanya Suresh,LSG,TCSEK 9129
273,Vineetha Joy,LSG,TCSEK 9133
274,Reshma K G,LSG,TCSEK 9137
